TOKEN,LOGIN_TIME,LOGOUT_TIME,TOTAL_TIME
62cb027f39db408f969bea6fb402af1,12.08.2020 17:24:59,12.08.2020 17:25:01,1S
62cb027f39db408f969bea6fb402af1,12.08.2020 17:25:15,12.08.2020 17:26:06,51S
62cb027f39db408f969bea6fb402af1,12.08.2020 20:20:12,12.08.2020 20:20:53,40S
62cb027f39db408f969bea6fb402af1,12.08.2020 20:33:56,12.08.2020 20:33:59,3S
62cb027f39db408f969bea6fb402af1,12.08.2020 20:35:45,12.08.2020 20:36:08,22S
62cb027f39db408f969bea6fb402af1,12.08.2020 21:37:38,12.08.2020 21:38:53,1M 15S
62cb027f39db408f969bea6fb402af1,12.08.2020 21:53:01,12.08.2020 21:53:13,11S
62cb027f39db408f969bea6fb402af1,12.08.2020 21:59:10,12.08.2020 22:08:05,8M 55S
62cb027f39db408f969bea6fb402af1,12.08.2020 22:15:31,12.08.2020 22:15:33,1S
62cb027f39db408f969bea6fb402af1,12.08.2020 22:19:07,12.08.2020 22:19:35,28S
62cb027f39db408f969bea6fb402af1,12.08.2020 22:19:49,12.08.2020 22:20:06,17S
62cb027f39db408f969bea6fb402af1,12.08.2020 22:53:29,12.08.2020 22:54:07,38S
62cb027f39db408f969bea6fb402af1,12.08.2020 22:54:28,12.08.2020 22:55:43,1M 14S
62cb027f39db408f969bea6fb402af1,12.08.2020 22:57:55,12.08.2020 22:57:59,4S
62cb027f39db408f969bea6fb402af1,12.08.2020 23:00:46,12.08.2020 23:01:52,1M 6S
62cb027f39db408f969bea6fb402af1,12.08.2020 23:04:31,12.08.2020 23:04:49,17S
62cb027f39db408f969bea6fb402af1,12.08.2020 23:05:06,12.08.2020 23:05:19,12S
62cb027f39db408f969bea6fb402af1,12.08.2020 23:06:23,12.08.2020 23:06:28,4S
62cb027f39db408f969bea6fb402af1,12.08.2020 23:14:30,12.08.2020 23:14:43,12S
62cb027f39db408f969bea6fb402af1,12.08.2020 23:15:07,12.08.2020 23:15:35,27S
62cb027f39db408f969bea6fb402af1,12.08.2020 23:16:16,12.08.2020 23:16:24,7S
62cb027f39db408f969bea6fb402af1,12.08.2020 23:18:28,12.08.2020 23:20:18,1M 49S
62cb027f39db408f969bea6fb402af1,12.08.2020 23:20:55,12.08.2020 23:21:08,12S
62cb027f39db408f969bea6fb402af1,12.08.2020 23:27:29,12.08.2020 23:28:01,31S
62cb027f39db408f969bea6fb402af1,12.08.2020 23:28:29,12.08.2020 23:28:34,5S
62cb027f39db408f969bea6fb402af1,12.08.2020 23:38:21,12.08.2020 23:38:33,11S
62cb027f39db408f969bea6fb402af1,12.08.2020 23:39:15,12.08.2020 23:39:24,9S
62cb027f39db408f969bea6fb402af1,12.08.2020 23:40:35,12.08.2020 23:40:48,13S
62cb027f39db408f969bea6fb402af1,12.08.2020 23:41:07,12.08.2020 23:41:11,3S
62cb027f39db408f969bea6fb402af1,12.08.2020 23:41:35,12.08.2020 23:41:44,9S
62cb027f39db408f969bea6fb402af1,12.08.2020 23:42:26,12.08.2020 23:42:33,7S
62cb027f39db408f969bea6fb402af1,12.08.2020 23:43:50,12.08.2020 23:43:59,8S
62cb027f39db408f969bea6fb402af1,12.08.2020 23:50:30,12.08.2020 23:50:38,8S
62cb027f39db408f969bea6fb402af1,12.08.2020 23:51:31,12.08.2020 23:51:37,6S
62cb027f39db408f969bea6fb402af1,12.08.2020 23:54:56,12.08.2020 23:55:01,5S
62cb027f39db408f969bea6fb402af1,13.08.2020 00:05:17,13.08.2020 00:05:21,3S
62cb027f39db408f969bea6fb402af1,13.08.2020 00:05:52,13.08.2020 00:05:56,4S
62cb027f39db408f969bea6fb402af1,13.08.2020 00:13:29,13.08.2020 00:13:43,14S
62cb027f39db408f969bea6fb402af1,13.08.2020 00:17:41,13.08.2020 00:18:02,20S
62cb027f39db408f969bea6fb402af1,13.08.2020 00:18:33,13.08.2020 00:18:53,20S
62cb027f39db408f969bea6fb402af1,13.08.2020 00:20:56,13.08.2020 00:22:00,1M 4S
62cb027f39db408f969bea6fb402af1,13.08.2020 00:39:39,13.08.2020 00:40:24,44S
62cb027f39db408f969bea6fb402af1,13.08.2020 00:45:15,13.08.2020 00:45:52,37S
62cb027f39db408f969bea6fb402af1,13.08.2020 00:49:31,13.08.2020 00:49:47,15S
62cb027f39db408f969bea6fb402af1,13.08.2020 00:51:41,13.08.2020 00:52:35,54S
62cb027f39db408f969bea6fb402af1,13.08.2020 00:58:18,13.08.2020 01:05:13,6M 54S
62cb027f39db408f969bea6fb402af1,13.08.2020 01:50:21,13.08.2020 01:51:23,1M 1S
62cb027f39db408f969bea6fb402af1,13.08.2020 01:52:56,13.08.2020 01:52:59,3S
62cb027f39db408f969bea6fb402af1,13.08.2020 01:55:34,13.08.2020 01:55:40,6S
62cb027f39db408f969bea6fb402af1,13.08.2020 01:57:31,13.08.2020 01:58:09,38S
62cb027f39db408f969bea6fb402af1,13.08.2020 02:02:00,13.08.2020 02:02:25,25S
62cb027f39db408f969bea6fb402af1,13.08.2020 02:05:48,13.08.2020 02:06:04,16S
62cb027f39db408f969bea6fb402af1,13.08.2020 02:07:27,13.08.2020 02:07:40,12S
62cb027f39db408f969bea6fb402af1,13.08.2020 02:08:06,13.08.2020 02:09:16,1M 10S
62cb027f39db408f969bea6fb402af1,13.08.2020 02:10:25,13.08.2020 02:13:24,2M 59S
62cb027f39db408f969bea6fb402af1,13.08.2020 02:16:29,13.08.2020 02:17:29,59S
62cb027f39db408f969bea6fb402af1,13.08.2020 02:18:37,13.08.2020 02:18:46,8S
62cb027f39db408f969bea6fb402af1,13.08.2020 02:24:12,13.08.2020 02:24:37,24S
62cb027f39db408f969bea6fb402af1,13.08.2020 02:25:08,13.08.2020 02:25:29,20S
62cb027f39db408f969bea6fb402af1,13.08.2020 02:53:48,13.08.2020 02:54:46,57S
62cb027f39db408f969bea6fb402af1,13.08.2020 03:42:04,13.08.2020 03:43:31,1M 27S
62cb027f39db408f969bea6fb402af1,13.08.2020 03:50:15,13.08.2020 03:51:11,55S
8057b5e684094ac0b68ed0d961617a6,13.08.2020 03:52:32,13.08.2020 03:52:55,22S
8057b5e684094ac0b68ed0d961617a6,13.08.2020 03:54:50,13.08.2020 03:54:57,6S
d5dac15bad2e41759ea6b20d8b901e6,13.08.2020 03:56:55,13.08.2020 03:58:03,1M 7S
534f9c01492249fa9ff6ea3247f021b,13.08.2020 03:58:55,13.08.2020 03:59:13,17S
534f9c01492249fa9ff6ea3247f021b,13.08.2020 03:59:45,13.08.2020 04:00:22,37S
534f9c01492249fa9ff6ea3247f021b,13.08.2020 16:44:47,13.08.2020 16:45:04,16S
534f9c01492249fa9ff6ea3247f021b,13.08.2020 16:45:21,13.08.2020 16:59:49,14M 27S
534f9c01492249fa9ff6ea3247f021b,13.08.2020 18:57:50,13.08.2020 18:57:57,6S
534f9c01492249fa9ff6ea3247f021b,13.08.2020 19:30:34,13.08.2020 19:32:29,1M 55S
534f9c01492249fa9ff6ea3247f021b,13.08.2020 19:33:26,13.08.2020 19:33:38,12S
ef2bd8251aa240fbb7c020ef7edd5ad,13.08.2020 19:58:41,13.08.2020 19:59:26,45S
ef2bd8251aa240fbb7c020ef7edd5ad,13.08.2020 21:23:18,13.08.2020 21:23:54,35S
ef2bd8251aa240fbb7c020ef7edd5ad,13.08.2020 21:24:45,13.08.2020 21:24:54,8S
d3baf3ece48c42eb9ceacade04fb9a9,13.08.2020 21:45:54,13.08.2020 21:46:59,1M 4S
960d0489f5b74b15913c3d5d0ffe032,14.08.2020 14:32:43,14.08.2020 14:38:20,5M 36S
